Genre,Title,Year,QualityLevels,MovieLink,ImageURL
Action,The Killer,,,/mDJD0L,/no.jpg
Action,Greedy People,,,/mdnGmR,/no.jpg
Action,Longlegs,,,/mllGmX,/no.jpg
Action,Oddity,,,/mOexOp,/no.jpg
Action,Inside Out 2,,,/m5QZlN,/no.jpg
Action,The Union,,,/mvpymz,/no.jpg
Action,Jackpot!,,,/mjPGmr,/no.jpg
Action,The Union,2024,DVD,https://ww1.goojara.to/mvpymz,/no.jpg
Action,Jackpot!,2024,DVD,https://ww1.goojara.to/mjPGmr,/no.jpg
Action,Twisters,2024,DVD,https://ww1.goojara.to/mZDGpm,/no.jpg
Action,The Instigators,2024,DVD,https://ww1.goojara.to/mzE50A,/no.jpg
Action,Deadpool & Wolverine,2024,,https://ww1.goojara.to/m9Wv86,/no.jpg
Action,My Spy: The Eternal City,2024,DVD,https://ww1.goojara.to/m86j8d,/no.jpg
Action,Bad Boys: Ride or Die,2024,DVD,https://ww1.goojara.to/mmwGbn,/no.jpg
Action,Thelma,2024,DVD,https://ww1.goojara.to/m1ex8J,/no.jpg
Action,The Convert,2024,DVD,https://ww1.goojara.to/mAeO8A,/no.jpg
Action,Justice League: Crisis on Infinite Earths - Part Three,2024,DVD,https://ww1.goojara.to/mxG2bV,/no.jpg
Action,Trigger Warning,2024,DVD,https://ww1.goojara.to/mWkGEb,/no.jpg
Action,Descendants: The Rise of Red,2024,DVD,https://ww1.goojara.to/mnkGbb,/no.jpg
Action,Riddle of Fire,2024,DVD,https://ww1.goojara.to/mllGbX,/no.jpg
Action,Boneyard,2024,DVD,https://ww1.goojara.to/mOexGp,/no.jpg
Action,Beverly Hills Cop: Axel F,2024,DVD,https://ww1.goojara.to/mrA0eJ,/no.jpg
Action,No Time to Spy: A Loud House Movie,2024,DVD,https://ww1.goojara.to/mLRzEw,/no.jpg
Action,Ultraman: Rising,2024,DVD,https://ww1.goojara.to/myPJgw,/no.jpg
Action,Hit Man,2024,DVD,https://ww1.goojara.to/mzE58j,/no.jpg
Action,Furiosa: A Mad Max Saga,2024,DVD,https://ww1.goojara.to/mEQMmp,/no.jpg
Action,Die Hart: Die Harter,2024,DVD,https://ww1.goojara.to/m4WBDb,/no.jpg
Action,Atlas,2024,DVD,https://ww1.goojara.to/m1exz5,/no.jpg
Action,Boy Kills World,2024,DVD,https://ww1.goojara.to/mAeOm8,/no.jpg
Action,Civil War,2024,DVD,https://ww1.goojara.to/mB4lmm,/no.jpg
Action,Kingdom of the Planet of the Apes,2024,DVD,https://ww1.goojara.to/m6M0Qg,/no.jpg
Action,The Fall Guy,2024,DVD,https://ww1.goojara.to/mxG2gv,/no.jpg
Action,Darkness of Man,2024,DVD,https://ww1.goojara.to/mVwgm8,/no.jpg
Action,Sasquatch Sunset,2024,DVD,https://ww1.goojara.to/mllGgy,/no.jpg
Action,Lights Out,2024,DVD,https://ww1.goojara.to/mabGgR,/no.jpg
Action,Chasing Raine,2024,DVD,https://ww1.goojara.to/mLRzmw,/no.jpg
Action,Godzilla x Kong: The New Empire,2024,DVD,https://ww1.goojara.to/m2aqlx,/no.jpg
Action,The Ministry of Ungentlemanly Warfare,2024,DVD,https://ww1.goojara.to/mvpy8A,/no.jpg
Action,Our Mother's Secret Affair,2024,DVD,https://ww1.goojara.to/m767gL,/no.jpg
Action,Arcadian,2024,DVD,https://ww1.goojara.to/mgEGBA,/no.jpg
Action,Godzilla Minus One,2023,DVD,https://ww1.goojara.to/meQGEk,/no.jpg
Action,The Three Musketeers - Part II: Milady,2024,DVD,https://ww1.goojara.to/mRzBln,/no.jpg
Adventure,The Killer,,,/mDJD0L,/no.jpg
Adventure,Greedy People,,,/mdnGmR,/no.jpg
Adventure,Longlegs,,,/mllGmX,/no.jpg
Adventure,Oddity,,,/mOexOp,/no.jpg
Adventure,Inside Out 2,,,/m5QZlN,/no.jpg
Adventure,The Union,,,/mvpymz,/no.jpg
Adventure,Jackpot!,,,/mjPGmr,/no.jpg
Adventure,Inside Out 2,2024,DVD,https://ww1.goojara.to/m5QZlN,/no.jpg
Adventure,Jim Henson's Turkey Hollow,2015,DVD,https://ww1.goojara.to/mJRW2k,/no.jpg
Adventure,Twisters,2024,DVD,https://ww1.goojara.to/mZDGpm,/no.jpg
Adventure,Despicable Me 4,2024,DVD,https://ww1.goojara.to/mgEGmw,/no.jpg
Adventure,Deadpool & Wolverine,2024,,https://ww1.goojara.to/m9Wv86,/no.jpg
Adventure,Bad Boys: Ride or Die,2024,DVD,https://ww1.goojara.to/mmwGbn,/no.jpg
Adventure,Justice League: Crisis on Infinite Earths - Part Three,2024,DVD,https://ww1.goojara.to/mxG2bV,/no.jpg
Adventure,Descendants: The Rise of Red,2024,DVD,https://ww1.goojara.to/mnkGbb,/no.jpg
Adventure,The Garfield Movie,2024,DVD,https://ww1.goojara.to/mMGkEJ,/no.jpg
Adventure,Riddle of Fire,2024,DVD,https://ww1.goojara.to/mllGbX,/no.jpg
Adventure,No Time to Spy: A Loud House Movie,2024,DVD,https://ww1.goojara.to/mLRzEw,/no.jpg
Adventure,The Boy and the Heron,2023,DVD,https://ww1.goojara.to/m5QZ85,/no.jpg
Adventure,Ultraman: Rising,2024,DVD,https://ww1.goojara.to/myPJgw,/no.jpg
Adventure,Furiosa: A Mad Max Saga,2024,DVD,https://ww1.goojara.to/mEQMmp,/no.jpg
Adventure,Atlas,2024,DVD,https://ww1.goojara.to/m1exz5,/no.jpg
Adventure,Civil War,2024,DVD,https://ww1.goojara.to/mB4lmm,/no.jpg
Adventure,Kingdom of the Planet of the Apes,2024,DVD,https://ww1.goojara.to/m6M0Qg,/no.jpg
Adventure,Thelma the Unicorn,2024,DVD,https://ww1.goojara.to/mPLqmk,/no.jpg
Adventure,Sasquatch Sunset,2024,DVD,https://ww1.goojara.to/mllGgy,/no.jpg
Adventure,Godzilla x Kong: The New Empire,2024,DVD,https://ww1.goojara.to/m2aqlx,/no.jpg
Adventure,Godzilla Minus One,2023,DVD,https://ww1.goojara.to/meQGEk,/no.jpg
Adventure,The Three Musketeers - Part II: Milady,2024,DVD,https://ww1.goojara.to/mRzBln,/no.jpg
Adventure,Love Lies Bleeding,2024,DVD,https://ww1.goojara.to/mxG2jv,/no.jpg
Adventure,Arthur the King,2024,DVD,https://ww1.goojara.to/mN9N5L,/no.jpg
Adventure,Justice League: Crisis on Infinite Earths - Part Two,2024,DVD,https://ww1.goojara.to/mkDGBX,/no.jpg
Adventure,Rebel Moon - Part Two: The Scargiver,2024,DVD,https://ww1.goojara.to/mDJDge,/no.jpg
Adventure,Ghostbusters: Frozen Empire,2024,DVD,https://ww1.goojara.to/mdnGBd,/no.jpg
Adventure,Kung Fu Panda 4,2024,DVD,https://ww1.goojara.to/mvpy0A,/no.jpg
Adventure,Dune: Part Two,2024,DVD,https://ww1.goojara.to/mLRznj,/no.jpg
Adventure,Madame Web,2024,DVD,https://ww1.goojara.to/mLRzxj,/no.jpg
Adventure,Wendy Wu: Homecoming Warrior,2006,DVD,https://ww1.goojara.to/mJRWxQ,/no.jpg
Adventure,Damsel,2024,DVD,https://ww1.goojara.to/mjPGRe,/no.jpg
Adventure,Spaceman,2024,DVD,https://ww1.goojara.to/mzE5r0,/no.jpg
Adventure,Captain Miller,2024,DVD,https://ww1.goojara.to/mxG2vz,/no.jpg
Adventure,The Dive,2023,DVD,https://ww1.goojara.to/mkDG1Z,/no.jpg
Comedy,The Killer,,,/mDJD0L,/no.jpg
Comedy,Greedy People,,,/mdnGmR,/no.jpg
Comedy,Longlegs,,,/mllGmX,/no.jpg
Comedy,Oddity,,,/mOexOp,/no.jpg
Comedy,Inside Out 2,,,/m5QZlN,/no.jpg
Comedy,The Union,,,/mvpymz,/no.jpg
Comedy,Jackpot!,,,/mjPGmr,/no.jpg
Comedy,Inside Out 2,2024,DVD,https://ww1.goojara.to/m5QZlN,/no.jpg
Comedy,Jim Henson's Turkey Hollow,2015,DVD,https://ww1.goojara.to/mJRW2k,/no.jpg
Comedy,Flytrap,2015,DVD,https://ww1.goojara.to/m2aqLz,/no.jpg
Comedy,The Union,2024,DVD,https://ww1.goojara.to/mvpymz,/no.jpg
Comedy,Jackpot!,2024,DVD,https://ww1.goojara.to/mjPGmr,/no.jpg
Comedy,Fly Me to the Moon,2024,DVD,https://ww1.goojara.to/m767Dj,/no.jpg
Comedy,The Instigators,2024,DVD,https://ww1.goojara.to/mzE50A,/no.jpg
Comedy,Despicable Me 4,2024,DVD,https://ww1.goojara.to/mgEGmw,/no.jpg
Comedy,Treasure,2024,DVD,https://ww1.goojara.to/meQGmD,/no.jpg
Comedy,Deadpool & Wolverine,2024,,https://ww1.goojara.to/m9Wv86,/no.jpg
Comedy,My Spy: The Eternal City,2024,DVD,https://ww1.goojara.to/m86j8d,/no.jpg
Comedy,Bad Boys: Ride or Die,2024,DVD,https://ww1.goojara.to/mmwGbn,/no.jpg
Comedy,Thelma,2024,DVD,https://ww1.goojara.to/m1ex8J,/no.jpg
Comedy,Susie Searches,2023,DVD,https://ww1.goojara.to/m6M048,/no.jpg
Comedy,Drugstore June,2024,DVD,https://ww1.goojara.to/mkDGRl,/no.jpg
Comedy,Snooker Man,2024,DVD,https://ww1.goojara.to/mpQGbR,/no.jpg
Comedy,The Garfield Movie,2024,DVD,https://ww1.goojara.to/mMGkEJ,/no.jpg
Comedy,Riddle of Fire,2024,DVD,https://ww1.goojara.to/mllGbX,/no.jpg
Comedy,Babes,2024,DVD,https://ww1.goojara.to/m5QZ8N,/no.jpg
Comedy,Space Cadet,2024,DVD,https://ww1.goojara.to/mJRWEk,/no.jpg
Comedy,Beverly Hills Cop: Axel F,2024,DVD,https://ww1.goojara.to/mrA0eJ,/no.jpg
Comedy,The Present,2024,DVD,https://ww1.goojara.to/myPJg2,/no.jpg
Comedy,A Family Affair,2024,DVD,https://ww1.goojara.to/mvpybz,/no.jpg
Comedy,Hit Man,2024,DVD,https://ww1.goojara.to/mzE58j,/no.jpg
Comedy,Marlon Wayans: Good Grief,2024,DVD,https://ww1.goojara.to/mwOr8x,/no.jpg
Comedy,South Park: The End of Obesity,2024,DVD,https://ww1.goojara.to/mmwGg8,/no.jpg
Comedy,IF,2024,DVD,https://ww1.goojara.to/mqGZe5,/no.jpg
Comedy,The Fall Guy,2024,DVD,https://ww1.goojara.to/mxG2gv,/no.jpg
Comedy,Mother of the Bride,2024,DVD,https://ww1.goojara.to/mpQG8l,/no.jpg
Comedy,Thelma the Unicorn,2024,DVD,https://ww1.goojara.to/mPLqmk,/no.jpg
Comedy,Sasquatch Sunset,2024,DVD,https://ww1.goojara.to/mllGgy,/no.jpg
Comedy,The Roast of Tom Brady,2024,DVD,https://ww1.goojara.to/mJRW9D,/no.jpg
Comedy,Founders Day,2024,DVD,https://ww1.goojara.to/mjPG9w,/no.jpg
Comedy,Unfrosted,2024,DVD,https://ww1.goojara.to/mzE5yj,/no.jpg
Comedy,The Re-Education of Molly Singer,2023,DVD,https://ww1.goojara.to/mMGkJj,/no.jpg
Drama,The Killer,,,/mDJD0L,/no.jpg
Drama,Greedy People,,,/mdnGmR,/no.jpg
Drama,Longlegs,,,/mllGmX,/no.jpg
Drama,Oddity,,,/mOexOp,/no.jpg
Drama,Inside Out 2,,,/m5QZlN,/no.jpg
Drama,The Union,,,/mvpymz,/no.jpg
Drama,Jackpot!,,,/mjPGmr,/no.jpg
Drama,Inside Out 2,2024,DVD,https://ww1.goojara.to/m5QZlN,/no.jpg
Drama,Flytrap,2015,DVD,https://ww1.goojara.to/m2aqLz,/no.jpg
Drama,Cold Brook,2018,DVD,https://ww1.goojara.to/mrA0mJ,/no.jpg
Drama,Amanda Knox,2011,DVD,https://ww1.goojara.to/myPJZ2,/no.jpg
Drama,The Instigators,2024,DVD,https://ww1.goojara.to/mzE50A,/no.jpg
Drama,Daddio,2023,DVD,https://ww1.goojara.to/mwOrgA,/no.jpg
Drama,Treasure,2024,DVD,https://ww1.goojara.to/meQGmD,/no.jpg
Drama,Young Woman and the Sea,2024,DVD,https://ww1.goojara.to/mRzBDz,/no.jpg
Drama,Janet Planet,2023,DVD,https://ww1.goojara.to/m4WBOx,/no.jpg
Drama,A Quiet Place: Day One,2024,DVD,https://ww1.goojara.to/mb8Gba,/no.jpg
Drama,The Convert,2024,DVD,https://ww1.goojara.to/mAeO8A,/no.jpg
Drama,The Dead Don't Hurt,2024,DVD,https://ww1.goojara.to/mB4l8R,/no.jpg
Drama,Susie Searches,2023,DVD,https://ww1.goojara.to/m6M048,/no.jpg
Drama,The Pilot's Wife,2002,DVD,https://ww1.goojara.to/mqGZb0,/no.jpg
Drama,Horizon: An American Saga - Chapter 1,2024,DVD,https://ww1.goojara.to/mVwgEg,/no.jpg
Drama,Tyler Perry's Divorce in the Black,2024,DVD,https://ww1.goojara.to/mPLqEN,/no.jpg
Drama,The Bikeriders,2024,DVD,https://ww1.goojara.to/mXnGwW,/no.jpg
Drama,Boneyard,2024,DVD,https://ww1.goojara.to/mOexGp,/no.jpg
Drama,The End We Start From,2024,DVD,https://ww1.goojara.to/mLRzE4,/no.jpg
Drama,Firebrand,2024,DVD,https://ww1.goojara.to/m2aq8z,/no.jpg
Drama,A Family Affair,2024,DVD,https://ww1.goojara.to/mvpybz,/no.jpg
Drama,In a Violent Nature,2024,DVD,https://ww1.goojara.to/mjPGEr,/no.jpg
Drama,Acidman,2023,DVD,https://ww1.goojara.to/mZDGEm,/no.jpg
Drama,The Boy and the Heron,2023,DVD,https://ww1.goojara.to/m5QZ85,/no.jpg
Drama,Unsung Hero,2024,DVD,https://ww1.goojara.to/mvpybA,/no.jpg
Drama,I Saw the TV Glow,2024,DVD,https://ww1.goojara.to/mjPGgw,/no.jpg
Drama,Wild Eyed and Wicked,2024,DVD,https://ww1.goojara.to/m767nL,/no.jpg
Drama,Back to Black,2024,DVD,https://ww1.goojara.to/m86jXE,/no.jpg
Drama,Atlas,2024,DVD,https://ww1.goojara.to/m1exz5,/no.jpg
Drama,IF,2024,DVD,https://ww1.goojara.to/mqGZe5,/no.jpg
Drama,The Fall Guy,2024,DVD,https://ww1.goojara.to/mxG2gv,/no.jpg
Drama,Mother of the Bride,2024,DVD,https://ww1.goojara.to/mpQG8l,/no.jpg
Drama,You Can't Run Forever,2024,DVD,https://ww1.goojara.to/mWkGgM,/no.jpg
Drama,Mothers' Instinct,2024,DVD,https://ww1.goojara.to/mXnGgp,/no.jpg
Drama,Monolith,2023,DVD,https://ww1.goojara.to/mnkGgv,/no.jpg
Sci-Fi,The Killer,,,/mDJD0L,/no.jpg
Sci-Fi,Greedy People,,,/mdnGmR,/no.jpg
Sci-Fi,Longlegs,,,/mllGmX,/no.jpg
Sci-Fi,Oddity,,,/mOexOp,/no.jpg
Sci-Fi,Inside Out 2,,,/m5QZlN,/no.jpg
Sci-Fi,The Union,,,/mvpymz,/no.jpg
Sci-Fi,Jackpot!,,,/mjPGmr,/no.jpg
Sci-Fi,Flytrap,2015,DVD,https://ww1.goojara.to/m2aqLz,/no.jpg
Sci-Fi,Despicable Me 4,2024,DVD,https://ww1.goojara.to/mgEGmw,/no.jpg
Sci-Fi,The Abandon,2022,DVD,https://ww1.goojara.to/mEQM7w,/no.jpg
Sci-Fi,Deadpool & Wolverine,2024,,https://ww1.goojara.to/m9Wv86,/no.jpg
Sci-Fi,A Quiet Place: Day One,2024,DVD,https://ww1.goojara.to/mb8Gba,/no.jpg
Sci-Fi,Acidman,2023,DVD,https://ww1.goojara.to/mZDGEm,/no.jpg
Sci-Fi,Furiosa: A Mad Max Saga,2024,DVD,https://ww1.goojara.to/mEQMmp,/no.jpg
Sci-Fi,Kingdom of the Planet of the Apes,2024,DVD,https://ww1.goojara.to/m6M0Qg,/no.jpg
Sci-Fi,Monolith,2023,DVD,https://ww1.goojara.to/mnkGgv,/no.jpg
Sci-Fi,Sting,2024,DVD,https://ww1.goojara.to/mOexmz,/no.jpg
Sci-Fi,Light,2024,DVD,https://ww1.goojara.to/m06Ngr,/no.jpg
Sci-Fi,Parallel,2024,DVD,https://ww1.goojara.to/mQa6ZB,/no.jpg
Sci-Fi,Madame Web,2024,DVD,https://ww1.goojara.to/mLRzxj,/no.jpg
Sci-Fi,Spaceman,2024,DVD,https://ww1.goojara.to/mzE5r0,/no.jpg
Sci-Fi,The Shift,2023,DVD,https://ww1.goojara.to/mEQMX0,/no.jpg
Sci-Fi,We Are Not Alone,2022,DVD,https://ww1.goojara.to/mabGJQ,/no.jpg
Sci-Fi,I.S.S.,2024,DVD,https://ww1.goojara.to/mrA0vM,/no.jpg
Sci-Fi,Arctic Hollow,2024,DVD,https://ww1.goojara.to/mB4lXz,/no.jpg
Sci-Fi,Linoleum,2023,DVD,https://ww1.goojara.to/mqGZda,/no.jpg
Sci-Fi,They Nest,2000,DVD,https://ww1.goojara.to/mWkG1D,/no.jpg
Sci-Fi,Divinity,2023,DVD,https://ww1.goojara.to/m2aq9k,/no.jpg
Sci-Fi,Moon Man,2022,DVD,https://ww1.goojara.to/mb8GPN,/no.jpg
Sci-Fi,Fingernails,2023,HDR,https://ww1.goojara.to/mkDG7E,/no.jpg
Sci-Fi,T.I.M.,2023,DVD,https://ww1.goojara.to/myPJkR,/no.jpg
Sci-Fi,Bloodthirst,2023,DVD,https://ww1.goojara.to/mN9Nk2,/no.jpg
Sci-Fi,57 Seconds,2023,DVD,https://ww1.goojara.to/mgEG2y,/no.jpg
Sci-Fi,The Mill,2023,DVD,https://ww1.goojara.to/mVwgpJ,/no.jpg
Sci-Fi,If You Were the Last,2023,DVD,https://ww1.goojara.to/mJRWJ4,/no.jpg
Sci-Fi,Awareness,2023,DVD,https://ww1.goojara.to/mGQn9j,/no.jpg
Sci-Fi,No One Will Save You,2023,HDR,https://ww1.goojara.to/mwOrya,/no.jpg
Sci-Fi,Blue Beetle,2023,HDR,https://ww1.goojara.to/mVwgaw,/no.jpg
Sci-Fi,Dead Zone,2022,DVD,https://ww1.goojara.to/mdnGxq,/no.jpg
Sci-Fi,Jules,2023,DVD,https://ww1.goojara.to/mZDGvW,/no.jpg
Sci-Fi,Landscape with Invisible Hand,2023,DVD,https://ww1.goojara.to/m2aq69,/no.jpg
Sci-Fi,The Pod Generation,2023,DVD,https://ww1.goojara.to/mrA0kQ,/no.jpg
Horror,The Killer,,,/mDJD0L,/no.jpg
Horror,Greedy People,,,/mdnGmR,/no.jpg
Horror,Longlegs,,,/mllGmX,/no.jpg
Horror,Oddity,,,/mOexOp,/no.jpg
Horror,Inside Out 2,,,/m5QZlN,/no.jpg
Horror,The Union,,,/mvpymz,/no.jpg
Horror,Jackpot!,,,/mjPGmr,/no.jpg
Horror,Oddity,2024,DVD,https://ww1.goojara.to/mOexOp,/no.jpg
Horror,Consumed,2024,DVD,https://ww1.goojara.to/mabGm1,/no.jpg
Horror,MaXXXine,2024,DVD,https://ww1.goojara.to/mGQnv6,/no.jpg
Horror,The Abandon,2022,DVD,https://ww1.goojara.to/mEQM7w,/no.jpg
Horror,A Quiet Place: Day One,2024,DVD,https://ww1.goojara.to/mb8Gba,/no.jpg
Horror,Lowlifes,2024,DVD,https://ww1.goojara.to/mN9Nem,/no.jpg
Horror,The Exorcism,2024,DVD,https://ww1.goojara.to/mQa6Em,/no.jpg
Horror,Humane,2024,DVD,https://ww1.goojara.to/mDJDEL,/no.jpg
Horror,Baghead,2023,DVD,https://ww1.goojara.to/mdnGbR,/no.jpg
Horror,In a Violent Nature,2024,DVD,https://ww1.goojara.to/mjPGEr,/no.jpg
Horror,The Watchers,2024,DVD,https://ww1.goojara.to/m7678j,/no.jpg
Horror,Exhuma,2024,DVD,https://ww1.goojara.to/m2aq8x,/no.jpg
Horror,I Saw the TV Glow,2024,DVD,https://ww1.goojara.to/mjPGgw,/no.jpg
Horror,Wild Eyed and Wicked,2024,DVD,https://ww1.goojara.to/m767nL,/no.jpg
Horror,Winnie-the-Pooh: Blood and Honey 2,2024,DVD,https://ww1.goojara.to/m06Nar,/no.jpg
Horror,The Strangers: Chapter 1,2024,DVD,https://ww1.goojara.to/mgEGgA,/no.jpg
Horror,Deadbolt,2024,DVD,https://ww1.goojara.to/mRzBmn,/no.jpg
Horror,Tarot,2024,DVD,https://ww1.goojara.to/m9WvPJ,/no.jpg
Horror,The First Omen,2024,DVD,https://ww1.goojara.to/mb8GgG,/no.jpg
Horror,Silence of the Prey,2024,DVD,https://ww1.goojara.to/mkDGzX,/no.jpg
Horror,Abigail,2024,DVD,https://ww1.goojara.to/mdnGgd,/no.jpg
Horror,Sting,2024,DVD,https://ww1.goojara.to/mOexmz,/no.jpg
Horror,Lights Out,2024,DVD,https://ww1.goojara.to/mabGgR,/no.jpg
Horror,Founders Day,2024,DVD,https://ww1.goojara.to/mjPG9w,/no.jpg
Horror,Arcadian,2024,DVD,https://ww1.goojara.to/mgEGBA,/no.jpg
Horror,You'll Never Find Me,2024,DVD,https://ww1.goojara.to/mWkGnM,/no.jpg
Horror,Late Night with the Devil,2024,DVD,https://ww1.goojara.to/mQa6Or,/no.jpg
Horror,Immaculate,2024,DVD,https://ww1.goojara.to/mllG8y,/no.jpg
Horror,Candy Land,2023,DVD,https://ww1.goojara.to/mZDG5e,/no.jpg
Horror,The Farm,2019,DVD,https://ww1.goojara.to/m5QZBR,/no.jpg
Horror,The Breach,2023,DVD,https://ww1.goojara.to/mJRWMQ,/no.jpg
Horror,The Camp Host,2024,DVD,https://ww1.goojara.to/mrA0LM,/no.jpg
Horror,Slay,2024,DVD,https://ww1.goojara.to/mzE5n0,/no.jpg
Horror,Everwinter Night,2023,DVD,https://ww1.goojara.to/meQGPP,/no.jpg
Horror,Who Invited Them,2022,DVD,https://ww1.goojara.to/m9WvB9,/no.jpg
Crime,The Killer,,,/mDJD0L,/no.jpg
Crime,Greedy People,,,/mdnGmR,/no.jpg
Crime,Longlegs,,,/mllGmX,/no.jpg
Crime,Oddity,,,/mOexOp,/no.jpg
Crime,Inside Out 2,,,/m5QZlN,/no.jpg
Crime,The Union,,,/mvpymz,/no.jpg
Crime,Jackpot!,,,/mjPGmr,/no.jpg
Crime,Amanda Knox,2011,DVD,https://ww1.goojara.to/myPJZ2,/no.jpg
Crime,The Instigators,2024,DVD,https://ww1.goojara.to/mzE50A,/no.jpg
Crime,Despicable Me 4,2024,DVD,https://ww1.goojara.to/mgEGmw,/no.jpg
Crime,MaXXXine,2024,DVD,https://ww1.goojara.to/mGQnv6,/no.jpg
Crime,Drugstore June,2024,DVD,https://ww1.goojara.to/mkDGRl,/no.jpg
Crime,Trigger Warning,2024,DVD,https://ww1.goojara.to/mWkGEb,/no.jpg
Crime,The Bikeriders,2024,DVD,https://ww1.goojara.to/mXnGwW,/no.jpg
Crime,Boneyard,2024,DVD,https://ww1.goojara.to/mOexGp,/no.jpg
Crime,Beverly Hills Cop: Axel F,2024,DVD,https://ww1.goojara.to/mrA0eJ,/no.jpg
Crime,Hit Man,2024,DVD,https://ww1.goojara.to/mzE58j,/no.jpg
Crime,Lover Stalker Killer,2024,DVD,https://ww1.goojara.to/mGQnmR,/no.jpg
Crime,Boy Kills World,2024,DVD,https://ww1.goojara.to/mAeOm8,/no.jpg
Crime,Force of Nature: The Dry 2,2024,DVD,https://ww1.goojara.to/mN9NgL,/no.jpg
Crime,The Last Stop in Yuma County,2024,DVD,https://ww1.goojara.to/myPJ8w,/no.jpg
Crime,Our Mother's Secret Affair,2024,DVD,https://ww1.goojara.to/m767gL,/no.jpg
Crime,Cinnamon,2024,DVD,https://ww1.goojara.to/m86jgE,/no.jpg
Crime,Love Lies Bleeding,2024,DVD,https://ww1.goojara.to/mxG2jv,/no.jpg
Crime,Damaged,2024,DVD,https://ww1.goojara.to/m2aqgx,/no.jpg
Crime,Sleeping Dogs,2024,DVD,https://ww1.goojara.to/mrA0BA,/no.jpg
Crime,My Neighbor's Secret,2009,DVD,https://ww1.goojara.to/m06NBw,/no.jpg
Crime,The Thundermans Return,2024,DVD,https://ww1.goojara.to/mPLqVP,/no.jpg
Crime,5lbs of Pressure,2024,DVD,https://ww1.goojara.to/mXnG2N,/no.jpg
Crime,Code 8: Part II,2024,DVD,https://ww1.goojara.to/mZDGBA,/no.jpg
Crime,Bad Behind Bars: Jodi Arias,2023,DVD,https://ww1.goojara.to/meQGqP,/no.jpg
Crime,Marmalade,2024,DVD,https://ww1.goojara.to/mB4lMe,/no.jpg
Crime,Hard Luck,2006,DVD,https://ww1.goojara.to/mMGkwR,/no.jpg
Crime,Cult Killer,2024,DVD,https://ww1.goojara.to/m06N0w,/no.jpg
Crime,The Dirty South,2023,DVD,https://ww1.goojara.to/mjPGQ2,/no.jpg
Crime,DogMan,2023,DVD,https://ww1.goojara.to/m767JO,/no.jpg
Crime,Lift,2024,DVD,https://ww1.goojara.to/mPLqWp,/no.jpg
Crime,Roadkill,2024,DVD,https://ww1.goojara.to/mOexpk,/no.jpg
Crime,The Baker,2023,DVD,https://ww1.goojara.to/mb8GLO,/no.jpg
Crime,Guilt by Association,2002,DVD,https://ww1.goojara.to/mPLqzp,/no.jpg
Crime,Our Son,2023,DVD,https://ww1.goojara.to/mjPG22,/no.jpg
Crime,Take Me,2017,DVD,https://ww1.goojara.to/mJRWlZ,/no.jpg
Thriller,The Killer,,,/mDJD0L,/no.jpg
Thriller,Greedy People,,,/mdnGmR,/no.jpg
Thriller,Longlegs,,,/mllGmX,/no.jpg
Thriller,Oddity,,,/mOexOp,/no.jpg
Thriller,Inside Out 2,,,/m5QZlN,/no.jpg
Thriller,The Union,,,/mvpymz,/no.jpg
Thriller,Jackpot!,,,/mjPGmr,/no.jpg
Thriller,Oddity,2024,DVD,https://ww1.goojara.to/mOexOp,/no.jpg
Thriller,Firecracker,2024,DVD,https://ww1.goojara.to/mLRz54,/no.jpg
Thriller,Flytrap,2015,DVD,https://ww1.goojara.to/m2aqLz,/no.jpg
Thriller,The Union,2024,DVD,https://ww1.goojara.to/mvpymz,/no.jpg
Thriller,Twisters,2024,DVD,https://ww1.goojara.to/mZDGpm,/no.jpg
Thriller,The Instigators,2024,DVD,https://ww1.goojara.to/mzE50A,/no.jpg
Thriller,The Abandon,2022,DVD,https://ww1.goojara.to/mEQM7w,/no.jpg
Thriller,Trigger Warning,2024,DVD,https://ww1.goojara.to/mWkGEb,/no.jpg
Thriller,Tyler Perry's Divorce in the Black,2024,DVD,https://ww1.goojara.to/mPLqEN,/no.jpg
Thriller,The Exorcism,2024,DVD,https://ww1.goojara.to/mQa6Em,/no.jpg
Thriller,Humane,2024,DVD,https://ww1.goojara.to/mDJDEL,/no.jpg
Thriller,The End We Start From,2024,DVD,https://ww1.goojara.to/mLRzE4,/no.jpg
Thriller,In a Violent Nature,2024,DVD,https://ww1.goojara.to/mjPGEr,/no.jpg
Thriller,Loop Track,2023,DVD,https://ww1.goojara.to/mabGER,/no.jpg
Thriller,Exhuma,2024,DVD,https://ww1.goojara.to/m2aq8x,/no.jpg
Thriller,Winnie-the-Pooh: Blood and Honey 2,2024,DVD,https://ww1.goojara.to/m06Nar,/no.jpg
Thriller,Deadbolt,2024,DVD,https://ww1.goojara.to/mRzBmn,/no.jpg
Thriller,Boy Kills World,2024,DVD,https://ww1.goojara.to/mAeOm8,/no.jpg
Thriller,Civil War,2024,DVD,https://ww1.goojara.to/mB4lmm,/no.jpg
Thriller,Force of Nature: The Dry 2,2024,DVD,https://ww1.goojara.to/mN9NgL,/no.jpg
Thriller,Darkness of Man,2024,DVD,https://ww1.goojara.to/mVwgm8,/no.jpg
Thriller,You Can't Run Forever,2024,DVD,https://ww1.goojara.to/mWkGgM,/no.jpg
Thriller,Mothers' Instinct,2024,DVD,https://ww1.goojara.to/mXnGgp,/no.jpg
Thriller,Abigail,2024,DVD,https://ww1.goojara.to/mdnGgd,/no.jpg
Thriller,Sting,2024,DVD,https://ww1.goojara.to/mOexmz,/no.jpg
Thriller,Lights Out,2024,DVD,https://ww1.goojara.to/mabGgR,/no.jpg
Thriller,Chasing Raine,2024,DVD,https://ww1.goojara.to/mLRzmw,/no.jpg
Thriller,Lazareth,2024,DVD,https://ww1.goojara.to/mrA08A,/no.jpg
Thriller,The Last Stop in Yuma County,2024,DVD,https://ww1.goojara.to/myPJ8w,/no.jpg
Thriller,A Deadly Threat to My Family,2024,DVD,https://ww1.goojara.to/mZDGWe,/no.jpg
Thriller,Arcadian,2024,DVD,https://ww1.goojara.to/mgEGBA,/no.jpg
Thriller,Cinnamon,2024,DVD,https://ww1.goojara.to/m86jgE,/no.jpg
Thriller,A Chef's Deadly Revenge,2024,DVD,https://ww1.goojara.to/m6M0gg,/no.jpg
Thriller,Monkey Man,2024,DVD,https://ww1.goojara.to/mpQGAl,/no.jpg
Thriller,You'll Never Find Me,2024,DVD,https://ww1.goojara.to/mWkGnM,/no.jpg
Romance,The Killer,,,/mDJD0L,/no.jpg
Romance,Greedy People,,,/mdnGmR,/no.jpg
Romance,Longlegs,,,/mllGmX,/no.jpg
Romance,Oddity,,,/mOexOp,/no.jpg
Romance,Inside Out 2,,,/m5QZlN,/no.jpg
Romance,The Union,,,/mvpymz,/no.jpg
Romance,Jackpot!,,,/mjPGmr,/no.jpg
Romance,Fly Me to the Moon,2024,DVD,https://ww1.goojara.to/m767Dj,/no.jpg
Romance,Young Woman and the Sea,2024,DVD,https://ww1.goojara.to/mRzBDz,/no.jpg
Romance,A Family Affair,2024,DVD,https://ww1.goojara.to/mvpybz,/no.jpg
Romance,Savoring Paris,2024,DVD,https://ww1.goojara.to/mZDGge,/no.jpg
Romance,Mother of the Bride,2024,DVD,https://ww1.goojara.to/mpQG8l,/no.jpg
Romance,Challengers,2024,DVD,https://ww1.goojara.to/mQa6mr,/no.jpg
Romance,The Idea of You,2024,DVD,https://ww1.goojara.to/mGQn7R,/no.jpg
Romance,Turtles All the Way Down,2024,DVD,https://ww1.goojara.to/mwOr7x,/no.jpg
Romance,Falling in Love in Niagara,2024,DVD,https://ww1.goojara.to/mmwG18,/no.jpg
Romance,Branching Out,2024,DVD,https://ww1.goojara.to/mB4lgm,/no.jpg
Romance,Blind Date Book Club,2024,DVD,https://ww1.goojara.to/mVwgQ8,/no.jpg
Romance,The Tearsmith,2024,DVD,https://ww1.goojara.to/mjPG7w,/no.jpg
Romance,My Boyfriends' Dogs,2014,DVD,https://ww1.goojara.to/mvpydk,/no.jpg
Romance,For Better or for Worse,2014,DVD,https://ww1.goojara.to/mZDG5A,/no.jpg
Romance,Shifting Gears,2024,DVD,https://ww1.goojara.to/mxG2Mz,/no.jpg
Romance,5lbs of Pressure,2024,DVD,https://ww1.goojara.to/mXnG2N,/no.jpg
Romance,Lisa Frankenstein,2024,DVD,https://ww1.goojara.to/mRzBxx,/no.jpg
Romance,Poor Things,2024,DVD,https://ww1.goojara.to/m4WB7v,/no.jpg
Romance,An American in Austen,2024,DVD,https://ww1.goojara.to/mN9Nx7,/no.jpg
Romance,Paging Mr. Darcy,2024,DVD,https://ww1.goojara.to/mPLqxP,/no.jpg
Romance,Friends & Family Christmas,2023,DVD,https://ww1.goojara.to/mdnGal,/no.jpg
Romance,Anyone But You,2024,DVD,https://ww1.goojara.to/m2aqjG,/no.jpg
Romance,Which Brings Me to You,2024,DVD,https://ww1.goojara.to/mLRzJE,/no.jpg
Romance,Romance with a Twist,2024,DVD,https://ww1.goojara.to/mrA0vg,/no.jpg
Romance,All of Us Strangers,2024,DVD,https://ww1.goojara.to/mzE5Om,/no.jpg
Romance,A Scottish Love Scheme,2024,DVD,https://ww1.goojara.to/m1ex7M,/no.jpg
Romance,Good Grief,2024,DVD,https://ww1.goojara.to/mMGkWD,/no.jpg
Romance,Love on the Right Course,2024,DVD,https://ww1.goojara.to/mDJDWX,/no.jpg
Romance,Lust: A Seven Deadly Sins Story,2021,DVD,https://ww1.goojara.to/mZDG7y,/no.jpg
Romance,Wrath: A Seven Deadly Sins Story,2022,DVD,https://ww1.goojara.to/mzE5dm,/no.jpg
Romance,The End of Sex,2023,DVD,https://ww1.goojara.to/m86jJQ,/no.jpg
Romance,Gabriel's Redemption: Part 1,2023,DVD,https://ww1.goojara.to/mmwG0W,/no.jpg
Romance,Gabriel's Rapture: Part III,2022,DVD,https://ww1.goojara.to/m1ex0M,/no.jpg
Romance,Gabriel's Rapture: Part I,2021,DVD,https://ww1.goojara.to/mAeOQe,/no.jpg
Romance,Gabriel's Rapture: Part II,2022,DVD,https://ww1.goojara.to/mB4lnz,/no.jpg
Fantasy,The Killer,,,/mDJD0L,/no.jpg
Fantasy,Greedy People,,,/mdnGmR,/no.jpg
Fantasy,Longlegs,,,/mllGmX,/no.jpg
Fantasy,Oddity,,,/mOexOp,/no.jpg
Fantasy,Inside Out 2,,,/m5QZlN,/no.jpg
Fantasy,The Union,,,/mvpymz,/no.jpg
Fantasy,Jackpot!,,,/mjPGmr,/no.jpg
Fantasy,Inside Out 2,2024,DVD,https://ww1.goojara.to/m5QZlN,/no.jpg
Fantasy,Jim Henson's Turkey Hollow,2015,DVD,https://ww1.goojara.to/mJRW2k,/no.jpg
Fantasy,Cold Brook,2018,DVD,https://ww1.goojara.to/mrA0mJ,/no.jpg
Fantasy,The Watchers,2024,DVD,https://ww1.goojara.to/m7678j,/no.jpg
Fantasy,Wild Eyed and Wicked,2024,DVD,https://ww1.goojara.to/m767nL,/no.jpg
Fantasy,Godzilla x Kong: The New Empire,2024,DVD,https://ww1.goojara.to/m2aqlx,/no.jpg
Fantasy,Ghostbusters: Frozen Empire,2024,DVD,https://ww1.goojara.to/mdnGBd,/no.jpg
Fantasy,The Tearsmith,2024,DVD,https://ww1.goojara.to/mjPG7w,/no.jpg
Fantasy,The American Society of Magical Negroes,2024,DVD,https://ww1.goojara.to/m767BL,/no.jpg
Fantasy,Darker Than Night - Shadows,2021,DVD,https://ww1.goojara.to/mjPG7e,/no.jpg
Fantasy,Damsel,2024,DVD,https://ww1.goojara.to/mjPGRe,/no.jpg
Fantasy,You Won't Be Alone,2022,DVD,https://ww1.goojara.to/mgEGqz,/no.jpg
Fantasy,All of Us Strangers,2024,DVD,https://ww1.goojara.to/mzE5Om,/no.jpg
Fantasy,Aquaman and the Lost Kingdom,2023,DVD,https://ww1.goojara.to/mGQnjg,/no.jpg
Fantasy,Warchief,2024,DVD,https://ww1.goojara.to/mllGZE,/no.jpg
Fantasy,A Christmas Intern,2023,DVD,https://ww1.goojara.to/m7679m,/no.jpg
Fantasy,The First Christmas: The Story of the First Christmas Snow,1975,DVD,https://ww1.goojara.to/meQGvA,/no.jpg
Fantasy,Darby and the Dead,2022,DVD,https://ww1.goojara.to/mMGkpW,/no.jpg
Fantasy,The Marvels,2023,DVD,https://ww1.goojara.to/mjPG5a,/no.jpg
Fantasy,Carmilla,2020,DVD,https://ww1.goojara.to/mRzBaE,/no.jpg
Fantasy,The Shepherd,2023,DVD,https://ww1.goojara.to/mPLq5a,/no.jpg
Fantasy,Candy Cane Lane,2023,HDR,https://ww1.goojara.to/mXnGq2,/no.jpg
Fantasy,Bernard and the Genie,1991,DVD,https://ww1.goojara.to/mJRWjZ,/no.jpg
Fantasy,Dashing Through the Snow,2023,HDR,https://ww1.goojara.to/mZDGP9,/no.jpg
Fantasy,Genie,2023,HDR,https://ww1.goojara.to/m5QZNW,/no.jpg
Fantasy,Monster High 2,2023,DVD,https://ww1.goojara.to/meQGye,/no.jpg
Fantasy,Dark Harvest,2023,DVD,https://ww1.goojara.to/mXnGpd,/no.jpg
Fantasy,South Park: Joining the Panderverse,2023,DVD,https://ww1.goojara.to/mdnGvN,/no.jpg
Fantasy,Scarygirl,2023,DVD,https://ww1.goojara.to/mRzBv8,/no.jpg
Fantasy,Pet Sematary: Bloodlines,2023,HDR,https://ww1.goojara.to/mmwGz6,/no.jpg
Fantasy,Haul out the Holly,2022,DVD,https://ww1.goojara.to/mMGkjx,/no.jpg
Fantasy,The New Boy,2023,HDR,https://ww1.goojara.to/m2aq60,/no.jpg
Fantasy,Barbie,2023,HDR,https://ww1.goojara.to/mzE5QW,/no.jpg
Fantasy,Torn: A Wicked Trilogy,2022,DVD,https://ww1.goojara.to/mwOrBn,/no.jpg
Fantasy,The Last Voyage of the Demeter,2023,HDR,https://ww1.goojara.to/mEQMlA,/no.jpg
